{"alpha":255,"author":"author","border":-1,"colors":{"color_candidates_popup_text":"#ffFFFFFF","color_candidates_text":"#ffFFFFFF","color_float_bkg":"#80182828","color_float_board":"#ff182828","color_float_color":"#ffFFFFFF","color_font_help_content":"#ffFFFFFF","color_font_help_disable":"#61FFFFFF","color_font_help_divider":"#ffFFFFFF","color_font_help_select":"#61FFFFFF","color_font_help_title":"#ffFFFFFF","color_func_key_text":"#ffFFFFFF","color_key_small_text":"#ffFFFFFF","color_key_text":"#ffFFFFFF","color_left_text":"#ffFFFFFF","color_mini_icon_tint":"#ffFFFFFF","color_mini_setting_text":"#ffFFFFFF","color_number_view":"#ffFFFFFF","color_preview_text":"#ffFFFFFF","color_symbol_view":"#ffFFFFFF","color_tool_bar_tint":"#ffFFFFFF","color_tool_bar_tint_press":"#ffB3B3B3"},"corner":-1,"info":"{\"colorSkin\":{\"currentPosition\":0,\"funKeyColor\":-1,\"isColorFul\":false,\"keyColor\":-1},\"keySkin\":{\"alpha\":38,\"border\":1,\"color\":-592138,\"colorfulAlpha\":255,\"corner\":21,\"currentColorfulPosition\":100,\"currentPosition\":15,\"isColorful\":false,\"name\":\"大圆角边框\",\"transparentBkg\":false},\"keyboardSkin\":{\"color\":0,\"fuzzy\":0.0,\"gifDir\":\"\",\"isGif\":false,\"name\":\"album\",\"type\":3}}","installed":false,"isAd":false,"isKeyDefault":true,"isKeyboardDefault":true,"isTextColorDefault":true,"keyBackgroud":0,"keyInfoMap":{"bkg_enter_key_down.png":{"bkgUpIconName":"bkg_enter_key_down.png","textSize":0},"bkg_key_down.png":{"bkgUpIconName":"bkg_key_down.png","textSize":0},"bkg_enter_key_up.png":{"bkgUpIconName":"bkg_enter_key_up.png","textSize":0},"bkg_left.png":{"bkgUpIconName":"bkg_left.png","textSize":0},"bkg_func_key_down.png":{"bkgUpIconName":"bkg_func_key_down.png","textSize":0},"bkg_func_key_up.png":{"bkgUpIconName":"bkg_func_key_up.png","textSize":0},"bkg_preview.png":{"textSize":0},"bkg_key_up.png":{"bkgUpIconName":"bkg_key_up.png","textSize":0}},"keyTextColor":0,"keyboardNormalColor":0,"locationMap":{"bkg_panel.png":{"length":97,"offset":24161},"bkg_enter_key_down.png":{"length":1604,"offset":438363},"bkg_enter_key_up.png":{"length":1325,"offset":422642},"ic_settings_selected.png":{"length":6909,"offset":450711},"bkg_left.png":{"length":1325,"offset":7853},"ic_settings.png":{"length":6932,"offset":37299},"ic_key_space_french.png":{"length":1996,"offset":442882},"bkg_keyboard.png":{"length":356659,"offset":48618},"ic_key_shift_before.png":{"length":766,"offset":444878},"ic_key_shift_perm.png":{"length":759,"offset":423967},"ic_transliterate.png":{"length":4334,"offset":417526},"ic_key_backspace.png":{"length":782,"offset":421860},"ic_global_selected.png":{"length":9809,"offset":428324},"ic_cal.png":{"length":3505,"offset":4348},"ic_key_search.png":{"length":1255,"offset":407379},"ic_font_helper.png":{"length":4317,"offset":408634},"ic_english.png":{"length":1618,"offset":35681},"bkg_func_key_up.png":{"length":1325,"offset":416201},"ic_key_delete_arabic.png":{"length":732,"offset":457620},"ic_key_next.png":{"length":768,"offset":46321},"ic_key_shift_temp.png":{"length":778,"offset":426330},"ic_emoji.png":{"length":7324,"offset":11927},"ic_font_helper_selected.png":{"length":6122,"offset":460878},"bkg_key_down.png":{"length":1604,"offset":405775},"bkg_popup_keyboard.png":{"length":1119,"offset":427205},"ic_arabic_selected.png":{"length":2915,"offset":439967},"ic_collapse.png":{"length":2090,"offset":44231},"ic_transliterate_selected.png":{"length":6447,"offset":467000},"ic_alt_key_back.png":{"length":3250,"offset":412951},"ic_key_send.png":{"length":832,"offset":47786},"ic_key_space_light.png":{"length":230,"offset":438133},"ic_arabic.png":{"length":2957,"offset":24258},"bkg_func_key_down.png":{"length":1604,"offset":424726},"ic_global.png":{"length":7141,"offset":27215},"bkg_key_up.png":{"length":1325,"offset":34356},"bkg_candidates_pressed.png":{"length":99,"offset":460779},"ic_gif.png":{"length":4348,"offset":0},"ic_close.png":{"length":2749,"offset":9178},"bkg_font_help_content.png":{"length":110,"offset":460669},"ic_key_space_arabic.png":{"length":2394,"offset":446160},"ic_key_enter.png":{"length":498,"offset":405277},"ic_key_enter_arabic.png":{"length":516,"offset":445644},"ic_key_space_english.png":{"length":2317,"offset":458352},"ic_english_selected.png":{"length":2157,"offset":448554},"bkg_panel_button_selected.png":{"length":1039,"offset":473447},"bkg_candidates_mid.png":{"length":97,"offset":427108},"ic_paste.png":{"length":4910,"offset":19251},"ic_key_done.png":{"length":697,"offset":47089}},"name":"new_design1677674668110","nineInfoMap":{"bkg_enter_key_down.png":{"borderBottom":24,"borderLeft":24,"borderRight":24,"borderTop":24,"horizontalType":0,"totalType":0,"type":0,"veritalType":0},"bkg_key_down.png":{"borderBottom":24,"borderLeft":24,"borderRight":24,"borderTop":24,"horizontalType":0,"totalType":0,"type":0,"veritalType":0},"bkg_enter_key_up.png":{"borderBottom":24,"borderLeft":24,"borderRight":24,"borderTop":24,"horizontalType":0,"totalType":0,"type":0,"veritalType":0},"bkg_left.png":{"borderBottom":24,"borderLeft":24,"borderRight":24,"borderTop":24,"horizontalType":0,"totalType":0,"type":0,"veritalType":0},"bkg_func_key_down.png":{"borderBottom":24,"borderLeft":24,"borderRight":24,"borderTop":24,"horizontalType":0,"totalType":0,"type":0,"veritalType":0},"bkg_func_key_up.png":{"borderBottom":24,"borderLeft":24,"borderRight":24,"borderTop":24,"horizontalType":0,"totalType":0,"type":0,"veritalType":0},"bkg_preview.png":{"borderBottom":24,"borderLeft":24,"borderRight":24,"borderTop":24,"horizontalType":0,"totalType":0,"type":0,"veritalType":0},"bkg_key_up.png":{"borderBottom":24,"borderLeft":24,"borderRight":24,"borderTop":24,"horizontalType":0,"totalType":0,"type":0,"veritalType":0}},"position":-1,"publish_time":1677674668110,"skin_type":0,"title":"01.03.2023 - 15:44:28","type":-1,"ver_code":0,"vip_only":false}