{"area":5,"name":"Amira","title":"اميره حبي","author":"ziipin","ver_code":1,"ver_name":"1.0","info":"","publishTime":1637230191544,"url":"","preview_url":"","colors":{"color_candidates_popup_text":"0x929292","color_candidates_text":"0x929292","color_func_key_text":"0x929292","color_key_small_text":"0x929292","color_key_text":"0x929292","color_left_text":"0x929292","color_preview_text":"0xb370ff","color_preview_text_night":"0xb370ff","color_mini_setting_text":"0x929292","color_mini_icon_tint":"0x929292","color_tool_bar_tint":"0xb370ff","color_tool_bar_tint_press":"0x929292","color_font_help_title":"0xb370ff","color_font_help_content":"0xb370ff","color_font_help_disable":"0x5a145a","color_font_help_select":"0x5e457b","color_font_help_divider":"0x5a145a","color_translate_progress":"0x929292","color_popup_independence_src":"0x929292"},"translates":{"smallGravityX":0,"smallTranslateX":0,"smallTranslateY":0,"keyTranslateX":0,"keyTranslateY":0},"keyInfoMap":{"ic_settings_selected.png":{"textSize":0,"bkgUpIconName":"2d6a7986bde636a4198f924c24edd425.png"},"ic_right.png":{"textSize":0,"bkgUpIconName":"bcbacf9d1c2034834f14a3a130a5b62a.png"},"key_layout_select":{"textSize":0,"bkgUpIconName":"3ff2a4e978477e790f22bc1d643e5c97.png"},"bkg_candidates_right.png":{"textSize":0,"bkgUpIconName":"f48c598cbf9947006c767150cfb45de3.png"},"key_symbol_left":{"textSize":0,"bkgUpIconName":"f48c598cbf9947006c767150cfb45de3.png"},"ic_key_shift_perm.png":{"textSize":0,"bkgUpIconName":"6a345e1fe741eb0be197a68acb563d7a.png"},"bkg_candidates_left.png":{"textSize":0,"bkgUpIconName":"f48c598cbf9947006c767150cfb45de3.png"},"boom_text_image_close.png":{"textSize":0,"bkgUpIconName":"a016b412f93b877a827866a90379da25.png"},"ic_translate_submit.png":{"textSize":0,"bkgUpIconName":"3784e67ebb763c7f543d5cf81c19d436.png"},"symbolB-71":{"textSize":0,"bkgUpIconName":"8666aad02af4dd957956a3552d1f6a7b.png","bkgDownIconName":"01da04265e0f247d4ea942d616c3eb15.png"},"symbolB-70":{"textSize":0,"bkgUpIconName":"8666aad02af4dd957956a3552d1f6a7b.png","bkgDownIconName":"01da04265e0f247d4ea942d616c3eb15.png"},"key_symbol_right_press":{"textSize":0,"bkgUpIconName":"aeaa0ae2aa1bb2a953589791f35d8a95.png"},"bkg_symbol_bottom.png":{"textSize":0,"bkgUpIconName":"f48c598cbf9947006c767150cfb45de3.png"},"ic_global_selected.png":{"textSize":0,"bkgUpIconName":"4dcf6060b99ca52d7a7fe71e2765dc68.png"},"ic_font_helper.png":{"textSize":0,"bkgUpIconName":"a07e0682b4ce9c857f498a4e170f7c20.png"},"boom_text_image_arrow.png":{"textSize":0,"bkgUpIconName":"b1976cf1ad2114e7b125145af26740c6.png"},"key_symbol_left_press":{"textSize":0,"bkgUpIconName":"aeaa0ae2aa1bb2a953589791f35d8a95.png"},"ic_key_delete_arabic.png":{"textSize":0,"bkgUpIconName":"159e0fd04425cea3a5c8d69f63b4c349.png"},"ic_emoji.png":{"textSize":0,"bkgUpIconName":"da1855cab321dcff4d395ebec27e4532.png"},"ic_symbol_down.png":{"textSize":0,"bkgUpIconName":"bfa8e29b60460347de3a80637b4a179c.png"},"10":{"textSize":0,"bkgUpIconName":"8666aad02af4dd957956a3552d1f6a7b.png","bkgDownIconName":"01da04265e0f247d4ea942d616c3eb15.png"},"arabic-6":{"textSize":0,"bkgUpIconName":"8666aad02af4dd957956a3552d1f6a7b.png","bkgDownIconName":"01da04265e0f247d4ea942d616c3eb15.png"},"key_symbol_right":{"textSize":0,"bkgUpIconName":"f48c598cbf9947006c767150cfb45de3.png"},"ic_transliterate_selected.png":{"textSize":0,"bkgUpIconName":"ebd5a2331c12e63a828e8d7b21b9785b.png"},"ic_key_space_light.png":{"textSize":0,"bkgUpIconName":"f646cdee237bd84e33485eb03c9228ac.png"},"bkg_key_up.png":{"textSize":0,"bkgUpIconName":"8666aad02af4dd957956a3552d1f6a7b.png"},"ic_global.png":{"textSize":0,"bkgUpIconName":"4dcf6060b99ca52d7a7fe71e2765dc68.png"},"symbolA-71":{"textSize":0,"bkgUpIconName":"8666aad02af4dd957956a3552d1f6a7b.png","bkgDownIconName":"01da04265e0f247d4ea942d616c3eb15.png"},"symbolA-70":{"textSize":0,"bkgUpIconName":"8666aad02af4dd957956a3552d1f6a7b.png","bkgDownIconName":"01da04265e0f247d4ea942d616c3eb15.png"},"symbolA-6":{"textSize":0,"bkgUpIconName":"8666aad02af4dd957956a3552d1f6a7b.png","bkgDownIconName":"01da04265e0f247d4ea942d616c3eb15.png"},"bkg_candidates_pressed.png":{"textSize":0,"bkgUpIconName":"aeaa0ae2aa1bb2a953589791f35d8a95.png"},"ic_left.png":{"textSize":0,"bkgUpIconName":"90df8169c433f7c1925333e15e204929.png"},"english-6":{"textSize":0,"bkgUpIconName":"8666aad02af4dd957956a3552d1f6a7b.png","bkgDownIconName":"01da04265e0f247d4ea942d616c3eb15.png"},"bkg_popup_independence":{"textSize":0,"bkgUpIconName":"0e768588f2511002696504b8a43c84cd.webp"},"ic_cancel.png":{"textSize":0,"bkgUpIconName":"2cdfe97d1a2bb8868c39627b6b636e9a.png"},"number_arabic-13":{"textSize":0,"bkgUpIconName":"8666aad02af4dd957956a3552d1f6a7b.png","bkgDownIconName":"01da04265e0f247d4ea942d616c3eb15.png"},"key_tool_bar":{"textSize":0,"bkgUpIconName":"54b39269d09b4922c107ef0fdcfa3852.webp"},"ic_key_enter_arabic.png":{"textSize":0,"bkgUpIconName":"eb0d88a3b4483168e95bf03ad4e6d898.png"},"ic_key_enter.png":{"textSize":0,"bkgUpIconName":"99b31fc578f61196727e6dfaf428b68c.png"},"ic_symbol_up.png":{"textSize":0,"bkgUpIconName":"c1f51f5522dc42ad9b96d1f4879e06ca.png"},"bkg_panel_button_selected.png":{"textSize":0,"bkgUpIconName":"0eb3db657158d648ee0b6fdbb9996837.png"},"ic_paste.png":{"textSize":0,"bkgUpIconName":"8cfabca6737f0d9cee7f3bbdfb9c86dd.png"},"ic_key_done.png":{"textSize":0,"bkgUpIconName":"b9ae1c501a3e5d080fd4405bce38a6a2.png"},"ic_symbol_delete.png":{"textSize":0,"bkgUpIconName":"b1655d91abda6a003f7abce3c22c7b30.png"},"english-1":{"textSize":0,"bkgUpIconName":"8666aad02af4dd957956a3552d1f6a7b.png","bkgDownIconName":"01da04265e0f247d4ea942d616c3eb15.png"},"arabic-10":{"textSize":0,"bkgUpIconName":"8666aad02af4dd957956a3552d1f6a7b.png","bkgDownIconName":"01da04265e0f247d4ea942d616c3eb15.png"},"bkg_panel.png":{"textSize":0,"bkgUpIconName":"f48c598cbf9947006c767150cfb45de3.png"},"symbolANormal-6":{"textSize":0,"bkgUpIconName":"8666aad02af4dd957956a3552d1f6a7b.png","bkgDownIconName":"01da04265e0f247d4ea942d616c3eb15.png"},"bkg_left.png":{"textSize":0,"bkgUpIconName":"f48c598cbf9947006c767150cfb45de3.png"},"ic_settings.png":{"textSize":0,"bkgUpIconName":"2d6a7986bde636a4198f924c24edd425.png"},"bkg_keyboard.png":{"textSize":0,"bkgUpIconName":"Amira.webp"},"ic_key_shift_before.png":{"textSize":0,"bkgUpIconName":"670693bfc44509bf30a6ae09f7a8199d.png"},"bkg_font_help_title.png":{"textSize":0,"bkgUpIconName":"54b39269d09b4922c107ef0fdcfa3852.webp"},"bkg_preview.png":{"textSize":0,"bkgUpIconName":"b0805cc91a99d46a92294d94311b6a3e.png"},"ic_transliterate.png":{"textSize":0,"bkgUpIconName":"99b8482fa2ebacb8790cf09e6490d14e.png"},"english-10":{"textSize":0,"bkgUpIconName":"8666aad02af4dd957956a3552d1f6a7b.png","bkgDownIconName":"01da04265e0f247d4ea942d616c3eb15.png"},"symbolANormal-70":{"textSize":0,"bkgUpIconName":"8666aad02af4dd957956a3552d1f6a7b.png","bkgDownIconName":"01da04265e0f247d4ea942d616c3eb15.png"},"symbolANormal-71":{"textSize":0,"bkgUpIconName":"8666aad02af4dd957956a3552d1f6a7b.png","bkgDownIconName":"01da04265e0f247d4ea942d616c3eb15.png"},"ic_key_backspace.png":{"textSize":0,"bkgUpIconName":"c6f869511abccbea9d37be751492410b.png"},"ic_key_search.png":{"textSize":0,"bkgUpIconName":"3c06faef3e2149bd6c579b9392a86df4.png"},"ic_english.png":{"textSize":0,"bkgUpIconName":"65928da4f0f4ee52719ea101493d8341.png"},"bkg_func_key_up.png":{"textSize":0,"bkgUpIconName":"8666aad02af4dd957956a3552d1f6a7b.png"},"ic_key_next.png":{"textSize":0,"bkgUpIconName":"abb5ca9ed12a928a8b1c5540174f8d45.png"},"ic_key_shift_temp.png":{"textSize":0,"bkgUpIconName":"d349ac804cd7e227abf78d00911ba49d.png"},"symbolB9":{"textSize":0,"bkgUpIconName":"8666aad02af4dd957956a3552d1f6a7b.png","bkgDownIconName":"01da04265e0f247d4ea942d616c3eb15.png"},"ic_font_helper_selected.png":{"textSize":0,"bkgUpIconName":"05c2216af1d39eba5afd019afbc5133a.png"},"bkg_key_down.png":{"textSize":0,"bkgUpIconName":"01da04265e0f247d4ea942d616c3eb15.png"},"bkg_popup_keyboard.png":{"textSize":0,"bkgUpIconName":"3ff2a4e978477e790f22bc1d643e5c97.png"},"ic_arabic_selected.png":{"textSize":0,"bkgUpIconName":"61a13e4725e0cbc8d7c72c2b5a91ba88.png"},"ic_collapse.png":{"textSize":0,"bkgUpIconName":"2ba3b8841476d99f30e851e3f2289356.png"},"ic_symbol_locked.png":{"textSize":0,"bkgUpIconName":"8f65433e3e9e1f4407234971117c881d.png"},"ic_up.png":{"textSize":0,"bkgUpIconName":"5378bbf0304d1469f96887097a896eec.png"},"ic_alt_key_back.png":{"textSize":0,"bkgUpIconName":"2cdfe97d1a2bb8868c39627b6b636e9a.png"},"ic_key_send.png":{"textSize":0,"bkgUpIconName":"fdb8251bdf9df5fd64265fe7cae7cd87.png"},"bkg_func_key_down.png":{"textSize":0,"bkgUpIconName":"01da04265e0f247d4ea942d616c3eb15.png"},"ic_arabic.png":{"textSize":0,"bkgUpIconName":"61a13e4725e0cbc8d7c72c2b5a91ba88.png"},"ic_translate_normal.png":{"textSize":0,"bkgUpIconName":"dd7f2053a1c6aafbd8d5344455c82923.png"},"symbolB-6":{"textSize":0,"bkgUpIconName":"8666aad02af4dd957956a3552d1f6a7b.png","bkgDownIconName":"01da04265e0f247d4ea942d616c3eb15.png"},"ic_symbol_unlock.png":{"textSize":0,"bkgUpIconName":"96a306f94ba2d5baa72e733fcacaecad.png"},"number-13":{"textSize":0,"bkgUpIconName":"8666aad02af4dd957956a3552d1f6a7b.png","bkgDownIconName":"01da04265e0f247d4ea942d616c3eb15.png"},"ic_gif.png":{"textSize":0,"bkgUpIconName":"9fe88f21f524270c0cd922f6ac4a522c.png"},"key_mini_little":{"textSize":0,"bkgUpIconName":"f48c598cbf9947006c767150cfb45de3.png"},"ic_down.png":{"textSize":0,"bkgUpIconName":"b58612fcd97ecf54e2fe4940169ad068.png"},"ic_close.png":{"textSize":0,"bkgUpIconName":"9524140809f01d2414e5e7036c121514.png"},"bkg_font_help_content.png":{"textSize":0,"bkgUpIconName":"54b39269d09b4922c107ef0fdcfa3852.webp"},"bkg_preview_night.png":{"textSize":0,"bkgUpIconName":"b0805cc91a99d46a92294d94311b6a3e.png"},"ic_key_space_arabic.png":{"textSize":0,"bkgUpIconName":"d13cc2e8b2251dfd163159756fb86a8b.png"},"ic_symbol_back.png":{"textSize":0,"bkgUpIconName":"ac526873acdb95697e2376e09c255f02.png"},"ic_key_space_english.png":{"textSize":0,"bkgUpIconName":"a392bc49daa82f363341b016fe57a1b1.png"},"preview.png":{"textSize":0,"bkgUpIconName":"preview.png"},"ic_english_selected.png":{"textSize":0,"bkgUpIconName":"65928da4f0f4ee52719ea101493d8341.png"},"bkg_candidates_mid.png":{"textSize":0,"bkgUpIconName":"f48c598cbf9947006c767150cfb45de3.png"},"ic_backspace.png":{"textSize":0,"bkgUpIconName":"c6f869511abccbea9d37be751492410b.png"}},"nineInfoMap":{"aeaa0ae2aa1bb2a953589791f35d8a95.png":{"type":0,"borderLeft":6,"borderRight":8,"borderTop":7,"borderBottom":5,"veritalType":0,"horizontalType":0,"totalType":0},"3ff2a4e978477e790f22bc1d643e5c97.png":{"type":0,"borderLeft":16,"borderRight":18,"borderTop":16,"borderBottom":23,"veritalType":0,"horizontalType":0,"totalType":0},"8666aad02af4dd957956a3552d1f6a7b.png":{"type":0,"borderLeft":16,"borderRight":22,"borderTop":30,"borderBottom":27,"veritalType":0,"horizontalType":0,"totalType":0},"01da04265e0f247d4ea942d616c3eb15.png":{"type":0,"borderLeft":23,"borderRight":25,"borderTop":27,"borderBottom":30,"veritalType":0,"horizontalType":0,"totalType":0}},"effectInfo":{"type":5,"radius":6.0,"width":1.0,"height":0.42,"centerX":0.52,"centerY":0.52,"expandSpeed":0.1,"rotateSpeed":82,"speedX":-0.26,"speedY":0.0,"maxLife":8000,"emmitSpeed":2,"maxCount":3,"rippleWidth":0.12,"rippleInitPos":0.05,"colors":[-16712190,-131584,-196608,-651838,-16580609,-11310082],"positions":[0.0,0.1,0.2,0.3,0.4,0.5],"tileMode":2}}